{"stats":{"minecraft:killed_by":{"minecraft:player":2},"minecraft:crafted":{"minecraft:oak_planks":32,"minecraft:crafting_table":2,"minecraft:stick":12,"minecraft:wooden_pickaxe":1,"minecraft:stone_pickaxe":1,"minecraft:stone_sword":1,"minecraft:stone_axe":1,"minecraft:bread":28,"minecraft:wheat":180},"minecraft:picked_up":{"minecraft:crafting_table":1,"minecraft:torch":3,"minecraft:oak_log":11,"minecraft:yellow_bed":1,"minecraft:dirt":3,"minecraft:iron_axe":1,"minecraft:wheat_seeds":2,"croptopia:orange":2,"minecraft:hay_block":20,"minecraft:stone_pickaxe":1,"minecraft:bread":32,"minecraft:oak_sapling":1,"minecraft:sugar_cane":5,"minecraft:oak_planks":3,"rocks:cobblestone_splitter":2,"minecraft:cobblestone":9},"minecraft:custom":{"minecraft:time_since_rest":152,"minecraft:sprint_one_cm":75347,"minecraft:damage_taken":1203,"minecraft:walk_one_cm":66862,"minecraft:drop":6,"minecraft:damage_dealt":40,"minecraft:swim_one_cm":3618,"minecraft:talked_to_villager":3,"minecraft:interact_with_crafting_table":11,"minecraft:fly_one_cm":122517,"minecraft:open_chest":3,"minecraft:play_time":28750,"minecraft:deaths":3,"minecraft:sneak_time":16,"minecraft:walk_under_water_one_cm":1204,"minecraft:jump":565,"minecraft:time_since_death":124,"minecraft:walk_on_water_one_cm":5804,"minecraft:sleep_in_bed":1,"minecraft:total_world_time":28750,"minecraft:fall_one_cm":16987},"minecraft:mined":{"minecraft:hay_block":20,"minecraft:dandelion":1,"visualworkbench:minecraft/crafting_table":1,"minecraft:torch":1,"minecraft:short_grass":10,"minecraft:grass_block":2,"minecraft:oak_log":11,"minecraft:dirt":1,"minecraft:cobblestone":9,"minecraft:oak_planks":4,"minecraft:sugar_cane":3,"rocks:rock":2},"minecraft:dropped":{"rocks:cobblestone_splitter":2,"minecraft:wheat_seeds":2,"minecraft:iron_axe":1,"minecraft:stone_pickaxe":1},"minecraft:used":{"minecraft:iron_axe":7,"minecraft:bread":3,"minecraft:stone_pickaxe":6,"minecraft:wooden_pickaxe":3,"minecraft:stone_axe":5,"minecraft:torch":1,"minecraft:dirt":3,"minecraft:crafting_table":2}},"DataVersion":3953}