{"stats":{"minecraft:crafted":{"minecraft:oak_planks":4,"minecraft:crafting_table":1,"minecraft:bread":12,"minecraft:wheat":36},"minecraft:picked_up":{"minecraft:wheat_seeds":2,"minecraft:hay_block":4,"minecraft:stone_pickaxe":1,"minecraft:oak_log":1,"minecraft:sugar_cane":5,"rocks:cobblestone_splitter":2,"minecraft:dirt":3},"minecraft:custom":{"minecraft:time_since_rest":2142,"minecraft:open_chest":1,"minecraft:play_time":16750,"minecraft:sprint_one_cm":45751,"minecraft:walk_one_cm":38751,"minecraft:damage_taken":455,"minecraft:deaths":1,"minecraft:walk_under_water_one_cm":578,"minecraft:drop":5,"minecraft:jump":399,"minecraft:damage_dealt":40,"minecraft:walk_on_water_one_cm":1414,"minecraft:time_since_death":7922,"minecraft:sleep_in_bed":1,"minecraft:total_world_time":16750,"minecraft:interact_with_crafting_table":1,"minecraft:talked_to_villager":2,"minecraft:swim_one_cm":3618,"minecraft:fly_one_cm":80463,"minecraft:fall_one_cm":14057},"minecraft:mined":{"minecraft:hay_block":4,"minecraft:short_grass":10,"minecraft:oak_log":1,"minecraft:grass_block":2,"minecraft:dirt":1,"minecraft:sugar_cane":3,"minecraft:dandelion":1,"rocks:rock":2},"minecraft:dropped":{"rocks:cobblestone_splitter":2,"minecraft:wheat_seeds":2,"minecraft:stone_pickaxe":1},"minecraft:used":{"minecraft:dirt":3,"minecraft:crafting_table":1,"minecraft:bread":3}},"DataVersion":3953}