{"stats":{"minecraft:killed_by":{"minecraft:player":1},"minecraft:crafted":{"minecraft:oak_planks":16,"minecraft:crafting_table":1,"minecraft:stick":8},"minecraft:killed":{"minecraft:sheep":1,"minecraft:skeleton":1,"duckling:duck":1},"minecraft:picked_up":{"minecraft:feather":2,"minecraft:bone":1,"minecraft:arrow":2,"minecraft:rotten_flesh":3,"minecraft:wheat_seeds":1,"minecraft:oak_log":4,"minecraft:mutton":1,"minecraft:cobblestone":4,"minecraft:white_wool":1,"minecraft:dirt":5,"duckling:raw_duck":1},"minecraft:custom":{"minecraft:time_since_rest":14078,"minecraft:open_chest":1,"minecraft:deaths":2,"minecraft:crouch_one_cm":1769,"minecraft:play_time":29092,"minecraft:sprint_one_cm":36235,"minecraft:damage_taken":602,"minecraft:walk_one_cm":14134,"minecraft:sneak_time":482,"minecraft:mob_kills":4,"minecraft:drop":1,"minecraft:jump":300,"minecraft:damage_dealt":318,"minecraft:leave_game":1,"minecraft:time_since_death":14057,"minecraft:total_world_time":29092,"minecraft:interact_with_crafting_table":1,"minecraft:fall_one_cm":9375,"minecraft:fly_one_cm":43632},"minecraft:mined":{"minecraft:short_grass":11,"minecraft:grass_block":5,"minecraft:dirt":1,"minecraft:tall_grass":10,"minecraft:dandelion":1,"minecraft:oak_leaves":1,"minecraft:oak_log":4},"minecraft:dropped":{"minecraft:golden_leggings":1},"minecraft:used":{"minecraft:dirt":4,"minecraft:mutton":1,"minecraft:crafting_table":1}},"DataVersion":3953}