{"stats":{"minecraft:killed_by":{"minecraft:player":1},"minecraft:crafted":{"minecraft:oak_planks":16,"minecraft:crafting_table":1,"minecraft:stick":8,"minecraft:wooden_pickaxe":1,"minecraft:stone_pickaxe":1,"minecraft:stone_axe":1},"minecraft:killed":{"minecraft:sheep":1,"minecraft:skeleton":1,"duckling:duck":1,"minecraft:iron_golem":1},"minecraft:picked_up":{"minecraft:crafting_table":1,"minecraft:feather":2,"minecraft:torch":1,"minecraft:dandelion":1,"minecraft:oak_log":4,"croptopia:oat":1,"minecraft:white_bed":3,"minecraft:dirt":12,"croptopia:oat_seed":2,"minecraft:arrow":2,"minecraft:bone":1,"minecraft:apple":4,"minecraft:rotten_flesh":3,"minecraft:peony":1,"minecraft:wheat_seeds":3,"minecraft:bell":1,"croptopia:orange":2,"minecraft:iron_ingot":4,"minecraft:stone_pickaxe":1,"minecraft:poppy":2,"rocks:cobblestone_splitter":1,"minecraft:mutton":1,"minecraft:oak_planks":1,"duckling:duck_egg":1,"duckling:raw_duck":1,"minecraft:white_wool":1,"minecraft:cobblestone":9},"minecraft:custom":{"minecraft:time_since_rest":708,"minecraft:sprint_one_cm":66028,"minecraft:damage_taken":642,"minecraft:walk_one_cm":41128,"minecraft:mob_kills":5,"minecraft:drop":2,"minecraft:damage_dealt":1406,"minecraft:interact_with_crafting_table":4,"minecraft:fly_one_cm":82734,"minecraft:open_chest":1,"minecraft:crouch_one_cm":2230,"minecraft:play_time":41092,"minecraft:deaths":2,"minecraft:sneak_time":695,"minecraft:walk_under_water_one_cm":903,"minecraft:jump":558,"minecraft:leave_game":1,"minecraft:walk_on_water_one_cm":2414,"minecraft:time_since_death":26057,"minecraft:sleep_in_bed":5,"minecraft:total_world_time":41092,"minecraft:fall_one_cm":16144},"minecraft:mined":{"minecraft:white_bed":3,"croptopia:orange_crop":2,"minecraft:dandelion":2,"minecraft:dirt_path":1,"minecraft:bee_nest":1,"visualworkbench:minecraft/crafting_table":1,"minecraft:peony":1,"minecraft:bell":1,"croptopia:oat_crop":1,"minecraft:short_grass":16,"croptopia:apple_crop":4,"minecraft:grass_block":6,"minecraft:oak_log":4,"minecraft:dirt":6,"minecraft:tall_grass":10,"minecraft:stone":5,"minecraft:oak_planks":1,"rocks:rock":1,"minecraft:oak_leaves":4},"minecraft:dropped":{"minecraft:golden_leggings":1,"minecraft:stone_pickaxe":1},"minecraft:used":{"minecraft:apple":4,"duckling:raw_duck":1,"minecraft:stone_pickaxe":6,"minecraft:wooden_pickaxe":6,"minecraft:white_wool":1,"minecraft:stone_axe":22,"minecraft:dirt":9,"minecraft:mutton":1,"minecraft:crafting_table":1,"minecraft:white_bed":2}},"DataVersion":3953}