{"stats":{"minecraft:killed":{"minecraft:skeleton":1},"minecraft:custom":{"minecraft:jump":71,"minecraft:open_chest":1,"minecraft:time_since_rest":11863,"minecraft:leave_game":1,"minecraft:crouch_one_cm":665,"minecraft:damage_dealt":131,"minecraft:sprint_one_cm":7553,"minecraft:play_time":11863,"minecraft:damage_taken":240,"minecraft:time_since_death":11863,"minecraft:walk_one_cm":3860,"minecraft:sneak_time":124,"minecraft:total_world_time":11863,"minecraft:mob_kills":2,"minecraft:fall_one_cm":1372,"minecraft:fly_one_cm":7389},"minecraft:picked_up":{"minecraft:bone":1,"minecraft:arrow":2},"minecraft:mined":{"minecraft:short_grass":1,"minecraft:oak_leaves":1}},"DataVersion":3953}