{"stats":{"minecraft:killed":{"minecraft:skeleton":1},"minecraft:custom":{"minecraft:jump":29,"minecraft:time_since_rest":5595,"minecraft:crouch_one_cm":603,"minecraft:damage_dealt":131,"minecraft:sprint_one_cm":2481,"minecraft:play_time":5595,"minecraft:damage_taken":230,"minecraft:time_since_death":5595,"minecraft:walk_one_cm":1800,"minecraft:sneak_time":94,"minecraft:total_world_time":5595,"minecraft:mob_kills":2,"minecraft:fall_one_cm":476,"minecraft:fly_one_cm":2044},"minecraft:picked_up":{"minecraft:bone":1,"minecraft:arrow":2},"minecraft:mined":{"minecraft:oak_leaves":1}},"DataVersion":3953}