{"stats":{"minecraft:killed_by":{"minecraft:player":1},"minecraft:crafted":{"minecraft:oak_planks":56,"minecraft:crafting_table":1,"minecraft:wooden_pickaxe":1,"minecraft:iron_sword":1,"minecraft:bucket":1,"minecraft:stone_axe":1,"minecraft:shield":1,"minecraft:iron_axe":1,"minecraft:stick":16,"minecraft:iron_pickaxe":1,"minecraft:stone_pickaxe":1},"minecraft:killed":{"minecraft:cat":1,"duckling:duck":2,"minecraft:iron_golem":5,"minecraft:sheep":1,"minecraft:skeleton":1,"minecraft:villager":1},"minecraft:picked_up":{"minecraft:crafting_table":4,"minecraft:feather":3,"minecraft:oak_stairs":2,"minecraft:oak_log":31,"minecraft:yellow_bed":1,"minecraft:dirt":12,"minecraft:iron_axe":1,"minecraft:bone":1,"minecraft:apple":4,"minecraft:wheat_seeds":3,"minecraft:bell":1,"minecraft:stone_pickaxe":1,"minecraft:iron_ingot":20,"minecraft:poppy":4,"minecraft:oak_planks":1,"duckling:duck_egg":1,"duckling:raw_duck":3,"minecraft:stick":3,"minecraft:torch":2,"minecraft:dandelion":1,"croptopia:oat":1,"minecraft:carrot":1,"minecraft:white_bed":3,"minecraft:mossy_cobblestone":3,"minecraft:rotten_flesh":3,"minecraft:arrow":2,"croptopia:oat_seed":2,"minecraft:peony":1,"croptopia:orange":3,"minecraft:oak_sapling":1,"minecraft:mutton":1,"minecraft:coal":5,"rocks:cobblestone_splitter":1,"minecraft:white_wool":1,"minecraft:cobblestone":34},"minecraft:custom":{"minecraft:mob_kills":12,"minecraft:interact_with_crafting_table":14,"minecraft:leave_game":1,"minecraft:time_since_death":38057,"minecraft:sleep_in_bed":5,"minecraft:time_since_rest":12708,"minecraft:sprint_one_cm":98354,"minecraft:damage_taken":662,"minecraft:walk_one_cm":62434,"minecraft:drop":14,"minecraft:damage_dealt":5908,"minecraft:swim_one_cm":2302,"minecraft:fly_one_cm":116810,"minecraft:open_chest":3,"minecraft:crouch_one_cm":4384,"minecraft:play_time":53092,"minecraft:deaths":2,"minecraft:sneak_time":1298,"minecraft:walk_under_water_one_cm":1545,"minecraft:jump":776,"minecraft:walk_on_water_one_cm":8382,"minecraft:total_world_time":53092,"minecraft:fall_one_cm":18689},"minecraft:mined":{"minecraft:white_bed":3,"croptopia:orange_crop":2,"minecraft:mossy_cobblestone":3,"minecraft:dandelion":2,"visualworkbench:minecraft/crafting_table":4,"croptopia:oat_crop":1,"minecraft:short_grass":16,"minecraft:grass_block":6,"minecraft:tall_grass":10,"minecraft:cobblestone":25,"minecraft:oak_planks":1,"rocks:rock":1,"minecraft:carrots":1,"minecraft:wheat":1,"minecraft:bee_nest":1,"minecraft:yellow_bed":1,"minecraft:peony":1,"minecraft:bell":1,"minecraft:coal_ore":5,"minecraft:oak_log":32,"croptopia:apple_crop":4,"minecraft:dirt_path":1,"minecraft:oak_stairs":2,"minecraft:dirt":6,"minecraft:stone":6,"minecraft:oak_leaves":4},"minecraft:dropped":{"duckling:raw_duck":1,"minecraft:crafting_table":2,"croptopia:orange":3,"minecraft:oak_planks":34,"minecraft:carrot":1,"minecraft:yellow_bed":1,"minecraft:oak_sapling":1,"minecraft:golden_leggings":1,"minecraft:iron_axe":1,"minecraft:wooden_pickaxe":1,"minecraft:stone_pickaxe":1},"minecraft:used":{"minecraft:water_bucket":4,"minecraft:stone_pickaxe":7,"minecraft:wooden_pickaxe":6,"minecraft:iron_sword":42,"minecraft:white_wool":1,"minecraft:dirt":9,"minecraft:mutton":1,"minecraft:crafting_table":2,"minecraft:white_bed":2,"minecraft:apple":4,"minecraft:iron_axe":35,"duckling:raw_duck":1,"minecraft:iron_pickaxe":33,"minecraft:stone_axe":67,"duckling:duck_egg":1,"minecraft:bucket":5}},"DataVersion":3953}