{"stats":{"minecraft:killed_by":{"minecraft:player":1},"minecraft:killed":{"minecraft:sheep":1,"minecraft:skeleton":1},"minecraft:picked_up":{"minecraft:bone":1,"minecraft:arrow":2,"minecraft:wheat_seeds":1,"minecraft:mutton":1,"minecraft:white_wool":1,"minecraft:dirt":4},"minecraft:custom":{"minecraft:time_since_rest":2078,"minecraft:open_chest":1,"minecraft:deaths":2,"minecraft:crouch_one_cm":967,"minecraft:play_time":17092,"minecraft:sprint_one_cm":23630,"minecraft:damage_taken":505,"minecraft:walk_one_cm":7615,"minecraft:sneak_time":246,"minecraft:mob_kills":3,"minecraft:drop":1,"minecraft:jump":212,"minecraft:damage_dealt":206,"minecraft:leave_game":1,"minecraft:time_since_death":2057,"minecraft:total_world_time":17092,"minecraft:fall_one_cm":6804,"minecraft:fly_one_cm":29626},"minecraft:mined":{"minecraft:short_grass":6,"minecraft:grass_block":4,"minecraft:dirt":1,"minecraft:tall_grass":8,"minecraft:dandelion":1,"minecraft:oak_leaves":1},"minecraft:dropped":{"minecraft:golden_leggings":1},"minecraft:used":{"minecraft:dirt":2,"minecraft:mutton":1}},"DataVersion":3953}