{"stats":{"minecraft:crafted":{"minecraft:furnace":1,"minecraft:oak_planks":16,"minecraft:stone_axe":1,"minecraft:crafting_table":1,"minecraft:stick":8,"minecraft:wooden_pickaxe":1,"minecraft:stone_pickaxe":1},"minecraft:dropped":{"minecraft:wooden_pickaxe":1},"minecraft:used":{"minecraft:stone_axe":1,"minecraft:flint_and_steel":1,"minecraft:crafting_table":2,"minecraft:wooden_pickaxe":14},"minecraft:custom":{"minecraft:time_since_rest":41649,"minecraft:open_chest":1,"minecraft:crouch_one_cm":3,"minecraft:play_time":41649,"minecraft:sprint_one_cm":12145,"minecraft:damage_taken":20,"minecraft:walk_one_cm":9532,"minecraft:sneak_time":9,"minecraft:drop":1,"minecraft:jump":104,"minecraft:damage_dealt":10,"minecraft:time_since_death":41649,"minecraft:total_world_time":41649,"minecraft:interact_with_crafting_table":2,"minecraft:fall_one_cm":3357,"minecraft:fly_one_cm":17306},"minecraft:picked_up":{"minecraft:crafting_table":2,"minecraft:oak_log":4,"minecraft:cobblestone":14},"minecraft:mined":{"minecraft:oak_log":4,"minecraft:stone":14,"visualworkbench:minecraft/crafting_table":2}},"DataVersion":3953}