{"stats":{"minecraft:killed":{"minecraft:player":1},"minecraft:crafted":{"minecraft:furnace":1,"minecraft:oak_planks":16,"minecraft:stone_axe":1,"minecraft:crafting_table":1,"minecraft:stick":8,"minecraft:wooden_pickaxe":1,"minecraft:stone_pickaxe":1},"minecraft:picked_up":{"minecraft:raw_copper":25,"minecraft:crafting_table":2,"minecraft:dandelion":1,"minecraft:oak_log":4,"minecraft:dirt":1,"minecraft:coal":12,"minecraft:cobblestone":23,"minecraft:raw_iron":5},"minecraft:custom":{"minecraft:time_since_rest":56502,"minecraft:open_chest":2,"minecraft:crouch_one_cm":605,"minecraft:walk_one_cm":15582,"minecraft:play_time":56502,"minecraft:sprint_one_cm":22674,"minecraft:damage_taken":115,"minecraft:sneak_time":231,"minecraft:drop":1,"minecraft:jump":162,"minecraft:damage_dealt":227,"minecraft:time_since_death":56502,"minecraft:total_world_time":56502,"minecraft:player_kills":1,"minecraft:interact_with_crafting_table":2,"minecraft:fall_one_cm":7069,"minecraft:fly_one_cm":28092},"minecraft:mined":{"minecraft:grass_block":1,"minecraft:coal_ore":12,"minecraft:oak_log":4,"minecraft:iron_ore":5,"minecraft:copper_ore":8,"minecraft:stone":23,"visualworkbench:minecraft/crafting_table":2},"minecraft:dropped":{"minecraft:wooden_pickaxe":1},"minecraft:used":{"minecraft:stone_axe":3,"minecraft:flint_and_steel":1,"minecraft:crafting_table":2,"minecraft:stone_pickaxe":35,"minecraft:wooden_pickaxe":14}},"DataVersion":3953}