{"stats":{"minecraft:killed_by":{"minecraft:player":1,"minecraft:skeleton":1,"minecraft:creeper":1},"minecraft:crafted":{"minecraft:oak_planks":28,"minecraft:crafting_table":2,"farmersdelight:iron_knife":1,"minecraft:wooden_pickaxe":2,"minecraft:iron_helmet":1,"minecraft:furnace":1,"minecraft:copper_ingot":8,"minecraft:stone_axe":1,"minecraft:bread":38,"minecraft:air":0,"minecraft:stick":20,"minecraft:iron_ingot":13,"minecraft:iron_pickaxe":1,"minecraft:stone_pickaxe":1},"minecraft:killed":{"guardvillagers:guard":1,"minecraft:zombie_villager":1,"minecraft:spider":1,"minecraft:skeleton":2,"minecraft:zombie":3,"minecraft:player":4,"minecraft:cow":1},"minecraft:picked_up":{"minecraft:crafting_table":6,"minecraft:andesite":1,"minecraft:leather":1,"minecraft:wooden_pickaxe":1,"minecraft:oak_log":8,"minecraft:chainmail_chestplate":1,"minecraft:shield":1,"minecraft:gunpowder":3,"minecraft:amethyst_block":4,"minecraft:lapis_lazuli":126,"minecraft:dirt":28,"minecraft:string":2,"minecraft:raw_copper":36,"minecraft:bone":1,"minecraft:wheat_seeds":1,"minecraft:raw_gold":8,"minecraft:beef":3,"minecraft:calcite":6,"minecraft:iron_sword":1,"minecraft:oak_planks":38,"minecraft:furnace":2,"minecraft:raw_iron":46,"minecraft:smooth_basalt":2,"minecraft:copper_ingot":6,"minecraft:dandelion":1,"minecraft:diorite":1,"minecraft:arrow":2,"minecraft:rotten_flesh":6,"minecraft:granite":2,"minecraft:emerald":1,"minecraft:coal":33,"minecraft:cobblestone":99},"minecraft:custom":{"minecraft:interact_with_furnace":21,"minecraft:mob_kills":11,"minecraft:traded_with_villager":1,"minecraft:interact_with_crafting_table":27,"minecraft:leave_game":5,"minecraft:time_since_death":0,"minecraft:time_since_rest":0,"minecraft:sprint_one_cm":91397,"minecraft:damage_taken":1570,"minecraft:walk_one_cm":83571,"minecraft:damage_blocked_by_shield":206,"minecraft:drop":12,"minecraft:damage_dealt":2501,"minecraft:talked_to_villager":2,"minecraft:swim_one_cm":874,"minecraft:player_kills":4,"minecraft:fly_one_cm":103003,"minecraft:open_chest":4,"minecraft:crouch_one_cm":2737,"minecraft:play_time":91175,"minecraft:deaths":4,"minecraft:sneak_time":1036,"minecraft:walk_under_water_one_cm":1293,"minecraft:jump":641,"minecraft:walk_on_water_one_cm":6782,"minecraft:total_world_time":91175,"minecraft:fall_one_cm":25945},"minecraft:mined":{"visualworkbench:minecraft/crafting_table":4,"minecraft:granite":2,"minecraft:short_grass":4,"minecraft:emerald_ore":2,"minecraft:grass_block":12,"minecraft:calcite":3,"minecraft:copper_ore":8,"minecraft:cobblestone":10,"minecraft:lapis_ore":17,"minecraft:deepslate_gold_ore":4,"minecraft:diorite":2,"minecraft:amethyst_block":4,"minecraft:furnace":2,"minecraft:iron_ore":37,"minecraft:fire":1,"minecraft:andesite":1,"minecraft:deepslate_lapis_ore":4,"minecraft:coal_ore":14,"minecraft:oak_log":7,"minecraft:deepslate_iron_ore":8,"minecraft:dirt":15,"minecraft:smooth_basalt":2,"minecraft:stone":75,"minecraft:gold_ore":4,"minecraft:deepslate":1},"minecraft:dropped":{"minecraft:bread":32,"minecraft:wheat_seeds":1,"minecraft:crafting_table":1,"minecraft:rotten_flesh":2,"minecraft:oak_planks":4,"minecraft:dirt":15,"minecraft:diorite":1,"minecraft:wooden_pickaxe":1,"minecraft:calcite":3,"minecraft:smooth_basalt":2},"minecraft:used":{"farmersdelight:iron_knife":17,"minecraft:flint_and_steel":13,"minecraft:stone_pickaxe":65,"minecraft:shield":5,"minecraft:iron_sword":7,"minecraft:wooden_pickaxe":41,"minecraft:rotten_flesh":1,"minecraft:dirt":12,"minecraft:crafting_table":6,"minecraft:iron_pickaxe":95,"minecraft:stone_axe":16,"minecraft:cobblestone":63,"minecraft:beef":3,"minecraft:furnace":2}},"DataVersion":3953}