{"stats":{"minecraft:killed_by":{"minecraft:skeleton":1,"minecraft:creeper":1},"minecraft:crafted":{"minecraft:oak_planks":28,"minecraft:crafting_table":2,"minecraft:stick":20,"farmersdelight:iron_knife":1,"minecraft:wooden_pickaxe":2,"minecraft:iron_ingot":5,"minecraft:iron_pickaxe":1,"minecraft:stone_pickaxe":1,"minecraft:furnace":1,"minecraft:copper_ingot":8,"minecraft:stone_axe":1,"minecraft:air":0},"minecraft:killed":{"minecraft:skeleton":2,"minecraft:zombie":1,"minecraft:zombie_villager":1,"minecraft:spider":1,"minecraft:player":1,"minecraft:cow":1},"minecraft:picked_up":{"minecraft:crafting_table":3,"minecraft:raw_iron":7,"minecraft:andesite":1,"minecraft:copper_ingot":6,"minecraft:leather":1,"minecraft:dandelion":1,"minecraft:oak_log":7,"minecraft:diorite":1,"minecraft:string":2,"minecraft:dirt":26,"minecraft:raw_copper":36,"minecraft:arrow":1,"minecraft:rotten_flesh":3,"minecraft:wheat_seeds":1,"minecraft:granite":2,"minecraft:beef":3,"minecraft:oak_planks":4,"minecraft:coal":23,"minecraft:cobblestone":74,"minecraft:furnace":1},"minecraft:custom":{"minecraft:time_since_rest":1066,"minecraft:interact_with_furnace":11,"minecraft:sprint_one_cm":47538,"minecraft:damage_taken":895,"minecraft:walk_one_cm":48726,"minecraft:mob_kills":8,"minecraft:drop":4,"minecraft:damage_dealt":1118,"minecraft:interact_with_crafting_table":9,"minecraft:player_kills":1,"minecraft:fly_one_cm":47828,"minecraft:open_chest":2,"minecraft:crouch_one_cm":843,"minecraft:play_time":68385,"minecraft:deaths":3,"minecraft:sneak_time":319,"minecraft:walk_under_water_one_cm":125,"minecraft:jump":296,"minecraft:leave_game":1,"minecraft:walk_on_water_one_cm":1626,"minecraft:time_since_death":1034,"minecraft:total_world_time":68385,"minecraft:fall_one_cm":15708},"minecraft:mined":{"minecraft:furnace":1,"minecraft:iron_ore":6,"minecraft:fire":1,"minecraft:andesite":1,"visualworkbench:minecraft/crafting_table":3,"minecraft:granite":2,"minecraft:short_grass":4,"minecraft:oak_log":7,"minecraft:grass_block":11,"minecraft:coal_ore":14,"minecraft:dirt":15,"minecraft:copper_ore":8,"minecraft:cobblestone":10,"minecraft:stone":62,"minecraft:diorite":1},"minecraft:dropped":{"minecraft:oak_planks":4,"minecraft:rotten_flesh":2,"minecraft:wooden_pickaxe":1},"minecraft:used":{"farmersdelight:iron_knife":12,"minecraft:flint_and_steel":13,"minecraft:stone_pickaxe":65,"minecraft:wooden_pickaxe":41,"minecraft:rotten_flesh":1,"minecraft:stone_axe":6,"minecraft:dirt":10,"minecraft:cobblestone":29,"minecraft:beef":2,"minecraft:crafting_table":4,"minecraft:furnace":1}},"DataVersion":3953}