{"stats":{"minecraft:killed_by":{"minecraft:skeleton":1,"minecraft:creeper":1},"minecraft:killed":{"minecraft:zombie_villager":1,"minecraft:spider":1,"minecraft:skeleton":2,"minecraft:zombie":3,"minecraft:player":1,"minecraft:cow":1},"minecraft:crafted":{"minecraft:oak_planks":28,"minecraft:crafting_table":2,"farmersdelight:iron_knife":1,"minecraft:iron_helmet":1,"minecraft:wooden_pickaxe":2,"minecraft:furnace":1,"minecraft:copper_ingot":8,"minecraft:stone_axe":1,"minecraft:air":0,"minecraft:stick":20,"minecraft:iron_ingot":13,"minecraft:iron_pickaxe":1,"minecraft:stone_pickaxe":1},"minecraft:picked_up":{"minecraft:crafting_table":4,"minecraft:andesite":1,"minecraft:leather":1,"minecraft:oak_log":7,"minecraft:gunpowder":3,"minecraft:amethyst_block":4,"minecraft:lapis_lazuli":45,"minecraft:dirt":27,"minecraft:string":2,"minecraft:raw_copper":36,"minecraft:bone":1,"minecraft:wheat_seeds":1,"minecraft:beef":3,"minecraft:calcite":3,"minecraft:oak_planks":4,"minecraft:furnace":2,"minecraft:raw_iron":29,"minecraft:smooth_basalt":2,"minecraft:copper_ingot":6,"minecraft:dandelion":1,"minecraft:diorite":1,"minecraft:arrow":2,"minecraft:rotten_flesh":6,"minecraft:granite":2,"minecraft:emerald":1,"minecraft:coal":33,"minecraft:cobblestone":95},"minecraft:custom":{"minecraft:interact_with_furnace":21,"minecraft:mob_kills":10,"minecraft:interact_with_crafting_table":15,"minecraft:leave_game":3,"minecraft:time_since_death":14488,"minecraft:time_since_rest":14520,"minecraft:sprint_one_cm":65993,"minecraft:damage_taken":1092,"minecraft:walk_one_cm":62937,"minecraft:drop":6,"minecraft:damage_dealt":1518,"minecraft:fly_one_cm":71964,"minecraft:player_kills":1,"minecraft:open_chest":2,"minecraft:crouch_one_cm":1943,"minecraft:play_time":81839,"minecraft:deaths":3,"minecraft:sneak_time":753,"minecraft:walk_under_water_one_cm":125,"minecraft:jump":465,"minecraft:walk_on_water_one_cm":1706,"minecraft:total_world_time":81839,"minecraft:fall_one_cm":21707},"minecraft:mined":{"visualworkbench:minecraft/crafting_table":4,"minecraft:granite":2,"minecraft:short_grass":4,"minecraft:emerald_ore":2,"minecraft:grass_block":11,"minecraft:calcite":3,"minecraft:copper_ore":8,"minecraft:cobblestone":10,"minecraft:lapis_ore":2,"minecraft:diorite":1,"minecraft:amethyst_block":4,"minecraft:furnace":2,"minecraft:iron_ore":20,"minecraft:fire":1,"minecraft:andesite":1,"minecraft:deepslate_lapis_ore":4,"minecraft:oak_log":7,"minecraft:coal_ore":14,"minecraft:deepslate_iron_ore":8,"minecraft:dirt":15,"minecraft:smooth_basalt":2,"minecraft:stone":72,"minecraft:deepslate":1},"minecraft:dropped":{"minecraft:wheat_seeds":1,"minecraft:rotten_flesh":2,"minecraft:oak_planks":4,"minecraft:diorite":1,"minecraft:wooden_pickaxe":1},"minecraft:used":{"farmersdelight:iron_knife":12,"minecraft:flint_and_steel":13,"minecraft:stone_pickaxe":65,"minecraft:wooden_pickaxe":41,"minecraft:rotten_flesh":1,"minecraft:dirt":12,"minecraft:crafting_table":5,"minecraft:iron_pickaxe":51,"minecraft:stone_axe":12,"minecraft:cobblestone":63,"minecraft:beef":3,"minecraft:furnace":2}},"DataVersion":3953}